<?xml version="1.0" encoding="UTF-8"?>
    <addon id="repository.maters" name="Maters Repository" version="0.0.1" provider-name="Vico Maters">
        <requires>
            <import addon="xbmc.addon" version="12.0.0"/>
        </requires>
        <extension point="xbmc.addon.repository" name="Repositrio Maters">
            <info compressed="false">https://raw.github.com/vicomaters/KodiMaters/master/_repo/addons.xml</info>
            <checksum>https://raw.github.com/vicomaters/KodiMaters/master/_repo/addons.xml.md5</checksum>
            <datadir zip="true">https://raw.github.com/vicomaters/KodiMaters/master/_repo/</datadir>
            <hashes>false</hashes>
        </extension>
        <extension point="xbmc.addon.metadata">
            <summary>repository addons de Vico Maters</summary>
            <description>Este contenido es esclusivo para Addons creados por mi..</description>
            <platform>all</platform>
    </extension>
</addon>